{"cameraMode":{"drawMode":0,"name":"Shaded","section":"Shading Mode"},"sceneLighting":false,"audioPlay":false,"sceneViewState":{"m_AlwaysRefresh":false,"showFog":true,"showSkybox":false,"showFlares":true,"showImageEffects":true,"showParticleSystems":true,"showVisualEffectGraphs":true,"m_FxEnabled":true},"in2DMode":false,"pivot":{"x":1.3242045640945435,"y":-0.6123448014259338,"z":-0.5602220296859741},"rotation":{"x":0.1268487125635147,"y":0.7756572365760803,"z":-0.16510309278964997,"w":0.5960450768470764},"size":0.7861864566802979,"orthographic":false}