{"cameraMode":{"drawMode":1,"name":"Wireframe","section":"Shading Mode"},"sceneLighting":false,"audioPlay":false,"sceneViewState":{"m_AlwaysRefresh":false,"showFog":true,"showSkybox":false,"showFlares":true,"showImageEffects":true,"showParticleSystems":true,"showVisualEffectGraphs":true,"m_FxEnabled":true},"in2DMode":false,"pivot":{"x":-7.379072189331055,"y":0.07260394096374512,"z":-7.140603065490723},"rotation":{"x":0.029689164832234384,"y":0.9533789157867432,"z":-0.10023321211338043,"w":0.2836659550666809},"size":0.7055271863937378,"orthographic":false}